Accuracy,Precision,Recall,F1
0.961061791333392,0.9553614644362287,0.961061791333392,0.9559566131413075
0.9915619231783422,0.9914795964736746,0.9915619231783422,0.9914962786648557
0.9925287861474905,0.9924530108660914,0.9925287861474905,0.9924783390116815
0.9653687263777797,0.9625941534694631,0.9653687263777797,0.9589255538962632
0.9658082095455744,0.9620508863311097,0.9658082095455744,0.9627593686779561
