RMSE,MAE,R2
9.584817119974629,2.5335738054759616,0.5285880461991024
9.584818792851722,2.5335722757054366,0.5285878816441989
9.585396077565491,2.5304471283705827,0.5285310945079924
2.576003467547157,0.10427177639096422,0.9659493179258664
2.3993917803393474,0.39036623713163704,0.9704583150223787
